<?xml version="1.0" encoding="UTF-8" ?>
<!--
    menu define for html 2023/05/06
-->
<rfriends>
<!-- ======================================= -->
<!-- 管理 -->
  <menu>
    <title>管理</title>
    <msg>管理</msg>
    <sub>

      <menu>
        <title>録音・再生</title>
        <msg>録音・再生</msg>
        <sub>
          <menu>
            <title>録音中止</title>
            <msg>録音中止</msg>
          </menu>
          <menu>
            <title>再生中止</title>
            <msg>再生中止</msg>
          </menu>
          <menu>
            <title>再生音量</title>
            <msg>再生音量</msg>
          </menu>
        </sub>
      </menu>

      <menu>
        <title>録音データ</title>
        <msg>録音データ</msg>
        <sub>
          <menu>
            <title>使用量</title>
            <msg>録音データの使用量表示</msg>
          </menu>
          <menu>
            <title>表示・再生</title>
            <msg>録音データ表示・再生</msg>
          </menu>
          <menu>
            <title>削除</title>
            <msg>録音データ削除</msg>
          </menu>
        </sub>
      </menu>

      <menu>
        <title>デイリー処理</title>
        <msg>デイリー処理（手動）</msg>
      </menu>

      <menu>
        <title>重複データ処理</title>
        <msg>重複データ処理</msg>
        <sub>
          <menu>
            <title>データ移動</title>
            <msg>重複データ移動(完全)</msg>
          </menu>
          <menu>
            <title>データ移動(</title>
            <msg>重複データ移動(部分)</msg>
          </menu>
          <menu>
            <title>データ削除(</title>
            <msg>重複データ削除</msg>
          </menu>
        </sub>
      </menu>

      <menu>
        <title>番組配送</title>
        <msg>番組配送</msg>
      </menu>

      <menu>
        <title>バックアップ</title>
        <msg>録音データのバックアップ</msg>
      </menu>

      <menu>
        <title>メンテナンス</title>
        <msg>メンテナンス</msg>
        <sub>
          <menu>
            <title>接続テスト</title>
            <msg>接続テスト</msg>
          </menu>
          <menu>
            <title>その他</title>
            <msg>その他</msg>
          </menu>
        </sub>
      </menu>

    </sub>
  </menu>
<!-- ======================================= -->
<!-- ラジコ -->
  <menu>
    <title>ラジコ</title>
    <msg>ラジコ</msg>
    <sub>
      <menu>
        <title>予約一覧・削除</title>
        <msg>番組の予約済一覧表示・削除</msg>
      </menu>
      <menu>
        <title>放送中</title>
        <msg>放送中の番組予約</msg>
      </menu>
      <menu>
        <title>放送局</title>
        <msg>放送局別の番組予約</msg>
      </menu>
      <menu>
        <title>検索</title>
        <msg>番組のキーワード検索</msg>
      </menu>
      <menu>
        <title>番組予約</title>
        <msg>番組予約(キーワード)</msg>
      </menu>
      <menu>
        <title>番組予約リスト</title>
        <msg>番組予約リスト作成(キーワード)</msg>
      </menu>
      <menu>
        <title>エリア変更</title>
        <msg>エリア変更</msg>
      </menu>
      <menu>
        <title>番組聴取</title>
        <msg>放送中の番組選択</msg>
      </menu>
      <menu>
        <title>録音データ再生</title>
        <msg>録音データ再生</msg>
      </menu>
    </sub>
  </menu>
<!-- ======================================= -->
<!-- ラジコタイムフリー -->
  <menu>
    <title>TimeFree</title>
    <msg>TimeFree</msg>
    <sub>
      <menu>
        <title>録音</title>
        <msg>タイムフリー録音</msg>
      </menu>
      <menu>
        <title>検索</title>
        <msg>タイムフリー番組の検索</msg>
      </menu>
      <menu>
        <title>一括録音</title>
        <msg>タイムフリー番組一括録音(キーワード)</msg>
      </menu>
      <menu>
        <title>番組聴取</title>
        <msg>聴取する番組選択</msg>
      </menu>
      <menu>
        <title>録音データ再生</title>
        <msg>録音データ再生</msg>
      </menu>
    </sub>
  </menu>
<!-- ======================================= -->
<!-- らじる -->
  <menu>
    <title>らじる</title>
    <msg>らじる</msg>
    <sub>
      <menu>
        <title>予約一覧・削除</title>
        <msg>番組の予約一覧・削除</msg>
      </menu>
      <menu>
        <title>放送中</title>
        <msg>放送中の番組予約</msg>
      </menu>
      <menu>
        <title>放送局</title>
        <msg>放送局別の番組予約</msg>
      </menu>
      <menu>
        <title>検索</title>
        <msg>らじる番組の検索</msg>
      </menu>
      <menu>
        <title>番組予約</title>
        <msg>番組予約(キーワード)</msg>
      </menu>
      <menu>
        <title>番組予約リスト</title>
        <msg>番組予約リスト作成(キーワード)</msg>
      </menu>
      <menu>
        <title>エリア変更</title>
        <msg>エリア変更</msg>
      </menu>
      <menu>
        <title>番組聴取</title>
        <msg>放送中の番組選択</msg>
      </menu>
      <menu>
        <title>録音データ再生</title>
        <msg>録音データ再生</msg>
      </menu>
    </sub>
  </menu>
<!-- ======================================= -->
<!-- らじる聞き逃し -->
  <menu>
    <title>聞き逃し</title>
    <msg>聞き逃し</msg>
    <sub>
      <menu>
        <title>録音</title>
        <msg>聞き逃し番組録音・聴取</msg>
      </menu>
      <menu>
        <title>検索</title>
        <msg>聞き逃し番組検索</msg>
      </menu>
      <menu>
        <title>一括録音</title>
        <msg>聞き逃し番組の一括録音(キーワード)</msg>
      </menu>
      <menu>
        <title>番組聴取</title>
        <msg>聴取する番組選択</msg>
      </menu>
      <menu>
        <title>録音データ再生</title>
        <msg>録音データ再生</msg>
      </menu>
    </sub>
  </menu>
<!-- ======================================= -->
<!-- らじるゴガク -->
  <menu>
    <title>ゴガク</title>
    <msg>ゴガク</msg>
    <sub>
      <menu>
        <title>英語</title>
        <msg>ゴガク（英語）番組録音</msg>
      </menu>
      <menu>
        <title>おうちで英語学習</title>
        <msg>おうちで英語学習録音</msg>
      </menu>
      <menu>
        <title>他言語</title>
        <msg>ゴガク（他）番組録音</msg>
      </menu>
      <menu>
        <title>お悩みバスターズ</title>
        <msg>ゴガク（お悩みバスターズ）の録音</msg>
      </menu>
      <menu>
        <title>検索</title>
        <msg>ゴガク番組の検索</msg>
      </menu>
      <menu>
        <title>一括録音</title>
        <msg>ゴガク番組の一括録音(キーワード)</msg>
      </menu>
      <menu>
        <title>録音データ再生</title>
        <msg>録音データ再生</msg>
      </menu>
    </sub>
  </menu>
<!-- ======================================= -->
<!-- ポッドキャスト -->
  <menu>
    <title>Podcast</title>
    <msg>Podcast</msg>
    <sub>
      <menu>
        <title>プリセット</title>
        <msg>ユーザプリセット</msg>
        <sub>
          <menu>
            <title>選択</title>
            <msg>ユーザプリセット選択</msg>
          </menu>
          <menu>
            <title>編集</title>
            <msg>ユーザプリセット編集</msg>
          </menu>
          <menu>
            <title>初期化</title>
            <msg>ユーザプリセット初期化</msg>
          </menu>
          <menu>
            <title>一括録音</title>
            <msg>ユーザプリセットの最新一括録音</msg>
          </menu>
        </sub>
      </menu>
      <menu>
        <title>Google</title>
        <msg>Google</msg>
        <sub>
          <menu>
            <title>選択</title>
            <msg>GooglePodcasts（地域）</msg>
          </menu>
          <menu>
            <title>検索</title>
            <msg>Google Podcastsの番組検索</msg>
          </menu>
          <menu>
            <title>人気</title>
            <msg>Google Podcastsの人気番組</msg>
          </menu>
        </sub>
      </menu>
      <menu>
        <title>Audee</title>
        <msg>Audee</msg>
        <sub>
          <menu>
            <title>選択</title>
            <msg>AuDeeの番組</msg>
          </menu>
          <menu>
            <title>検索</title>
            <msg>AuDeeの番組検索</msg>
          </menu>
          <menu>
            <title>人気</title>
            <msg>AuDeeの人気番組</msg>
          </menu>
        </sub>
      </menu>
      <menu>
        <title>ニッポン放送</title>
        <msg>ニッポン放送のPodcasts</msg>
      </menu>
      <menu>
        <title>録音データ再生</title>
        <msg>録音データ再生</msg>
      </menu>
    </sub>
  </menu>
<!-- ======================================= -->
<!-- キーワード -->
  <menu>
    <title>キーワード</title>
    <msg>キーワード</msg>
    <sub>
      <menu>
        <title>放送局</title>
        <msg>キーワード（放送局）編集</msg>
      </menu>
      <menu>
        <title>共通</title>
        <msg>キーワード（共通）編集</msg>
      </menu>
      <menu>
        <title>ラジコ</title>
        <msg>ラジコ</msg>
        <sub>
          <menu>
            <title>ラジコ</title>
            <msg>キーワード（ラジコ）編集</msg>
          </menu>
          <menu>
            <title>タイムフリー</title>
            <msg>キーワード（タイムフリー）編集</msg>
          </menu>
          <menu>
            <title>エリアフリー</title>
            <msg>キーワード（エリアフリー）編集</msg>
          </menu>
        </sub>
      </menu>
      <menu>
        <title>らじる</title>
        <msg>らじる</msg>
        <sub>
          <menu>
            <title>らじる</title>
            <msg>キーワード（らじる）編集</msg>
          </menu>
          <menu>
            <title>地域</title>
            <msg>キーワード（地域）編集</msg>
          </menu>
          <menu>
            <title>聞き逃し</title>
            <msg>キーワード（聞き逃し）編集</msg>
          </menu>
          <menu>
            <title>ゴガク</title>
            <msg>キーワード（ゴガク）編集</msg>
          </menu>
        </sub>
      </menu>
      <menu>
        <title>重複番組</title>
        <msg>キーワード（重複番組）編集</msg>
      </menu>
      <menu>
        <title>番組配送</title>
        <msg>キーワード（番組配送）編集</msg>
      </menu>
      <menu>
        <title>保存/復元/他</title>
        <msg>保存/復元/他</msg>
        <sub>
          <menu>
            <title>保存</title>
            <msg>キーワード保存</msg>
          </menu>
          <menu>
            <title>復元</title>
            <msg>キーワード復元</msg>
          </menu>
          <menu>
            <title>初期化</title>
            <msg>キーワード初期化</msg>
          </menu>
          <menu>
            <title>キーワード一覧</title>
            <msg>キーワード一覧表示</msg>
          </menu>
        </sub>
      </menu>
    </sub>
  </menu>
<!-- ======================================= -->
<!-- 設定 -->
  <menu>
    <title>設定</title>
    <msg>設定</msg>
    <sub>
      <menu>
        <title>パラメータ</title>
        <msg>パラメータ</msg>
        <sub>
          <menu>
            <title>表示</title>
            <msg>パラメータ表示</msg>
          </menu>
          <menu>
            <title>編集</title>
            <msg>パラメータ編集</msg>
          </menu>
          <menu>
            <title>チェック</title>
            <msg>パラメータチェック</msg>
          </menu>
        </sub>
      </menu>
      <menu>
        <title>タグ</title>
        <msg>タグ</msg>
        <sub>
          <menu>
            <title>表示</title>
            <msg>タグ表示</msg>
          </menu>
          <menu>
            <title>編集</title>
            <msg>タグ編集</msg>
          </menu>
          <menu>
            <title>チェック</title>
            <msg>タグチェック</msg>
          </menu>
        </sub>
      </menu>
      <menu>
        <title>定期実行</title>
        <msg>定期実行（デイリー処理）</msg>
        <sub>
          <menu>
            <title>登録</title>
            <msg>定期実行（デイリー処理）自動化登録</msg>
          </menu>
          <menu>
            <title>取消</title>
            <msg>定期実行（デイリー処理）自動化取消</msg>
          </menu>
        </sub>
      </menu>
      <menu>
        <title>各種データ</title>
        <msg>各種データ</msg>
        <sub>
          <menu>
            <title>ラジコCallsign</title>
            <msg>ラジコCallsign</msg>
          </menu>
          <menu>
            <title>らじるCallsign</title>
            <msg>らじるCallsign</msg>
          </menu>
          <menu>
            <title>ラジコ番組表</title>
            <msg>ラジコ番組表</msg>
          </menu>
          <menu>
            <title>らじる番組表</title>
            <msg>らじる番組表</msg>
          </menu>
          <menu>
            <title>ラジコジャンル</title>
            <msg>ラジコジャンル</msg>
          </menu>
          <menu>
            <title>らじるジャンル</title>
            <msg>らじるジャンル</msg>
          </menu>
        </sub>
      </menu>
      <menu>
        <title>メール</title>
        <msg>メール</msg>
        <sub>
          <menu>
            <title>表示</title>
            <msg>メール設定表示</msg>
          </menu>
          <menu>
            <title>編集</title>
            <msg>メール設定編集</msg>
          </menu>
          <menu>
            <title>メールテスト</title>
            <msg>メール送信テスト</msg>
          </menu>
          <menu>
            <title>LINEテスト</title>
            <msg>LINE送信テスト</msg>
          </menu>
        </sub>
      </menu>
      <menu>
        <title>録音フォルダ</title>
        <msg>録音フォルダ設定</msg>
      </menu>
      <menu>
        <title>ラジコプレミアム</title>
        <msg>ラジコプレミアム設定</msg>
        <sub>
          <menu>
            <title>表示</title>
            <msg>アカウント設定表示</msg>
          </menu>
          <menu>
            <title>アカウント設定</title>
            <msg>アカウント設定編集</msg>
          </menu>
        </sub>
      </menu>
      <menu>
        <title>保存/復元/他</title>
        <msg>設定保存/復元/他</msg>
        <sub>
          <menu>
            <title>保存</title>
            <msg>設定保存</msg>
          </menu>
          <menu>
            <title>復元</title>
            <msg>設定復元</msg>
          </menu>
          <menu>
            <title>初期化</title>
            <msg>設定初期化</msg>
          </menu>
        </sub>
      </menu>
    </sub>
  </menu>
<!-- ======================================= -->
<!-- rfriendsについて -->
  <menu>
    <title>ヘルプ</title>
    <msg>ヘルプ</msg>
    <sub>
      <menu>
        <title>システム更新(SYS)</title>
        <msg>システム更新(SYS)</msg>
      </menu>
      <menu>
        <title>ツール更新(TOOL)</title>
        <msg>ツール更新(TOOL)</msg>
      </menu>
      <menu>
        <title>リセット</title>
        <msg>リセット（初期状態）</msg>
      </menu>
      <menu>
        <title>マニュアル</title>
        <msg>マニュアル表示</msg>
      </menu>
      <menu>
        <title>バージョン情報</title>
        <msg>バージョン情報表示</msg>
      </menu>
    </sub>
  </menu>
</rfriends>
<!-- ======================================= -->

