<?xml version="1.0" encoding="UTF-8" ?>
<!--
    menu_lite define 2026/01/22
-->
<rfriends>
<!-- ======================================= -->
<!-- 管理 -->
  <menu>
    <title>管理</title>
    <tag>manage</tag>
    <opt>1</opt>
    <sub>
      <menu>
        <title>録音中止</title>
        <tag>manage_cancel</tag>
        <opt>0</opt>
      </menu>
      <menu>
        <title>再生中止</title>
        <tag>manage_cancelplay</tag>
        <opt>0</opt>
      </menu>
      <menu>
        <title>録音データ管理</title>
        <tag>manage_recdata</tag>
        <opt>0</opt>
      </menu>
<!--
      <menu>
        <title>定期実行(手動)</title>
        <tag>manage_daily</tag>
        <opt>0</opt>
      </menu>
      <menu>
        <title>重複ファイル処理</title>
        <tag>manage_double</tag>
        <opt>0</opt>
      </menu>
      <menu>
        <title>番組配送処理</title>
        <tag>manage_delivery</tag>
        <opt>0</opt>
      </menu>
-->
    </sub>
  </menu>
<!-- ======================================= -->
<!-- ラジコ -->
<!--
  <menu>
    <title>ラジコ</title>
    <tag>radiko</tag>
    <opt>2</opt>
    <sub>
      <menu>
        <title>予約一覧・削除</title>
        <tag>radiko_list</tag>
        <opt>0</opt>
      </menu>
      <menu>
        <title>放送中</title>
        <tag>radiko_onair</tag>
        <opt>0</opt>
      </menu>
      <menu>
        <title>放送局</title>
        <tag>radiko_station</tag>
        <opt>0</opt>
      </menu>
      <menu>
        <title>再生</title>
        <tag>radiko_play</tag>
        <opt>0</opt>
      </menu>
      <menu>
        <title>検索</title>
        <tag>radiko_search</tag>
        <opt>0</opt>
      </menu>
      <menu>
        <title>番組予約</title>
        <tag>radiko_reserve</tag>
        <opt>0</opt>
      </menu>
    </sub>
  </menu>
-->
<!-- ======================================= -->
<!-- ラジコタイムフリー -->
  <menu>
    <title>ラジコタイムフリー</title>
    <tag>timefree</tag>
    <opt>0</opt>
    <sub>
      <menu>
        <title>録音・聴取</title>
        <tag>timefree_rec</tag>
        <opt>0</opt>
      </menu>
      <menu>
        <title>再生</title>
        <tag>timefree_play</tag>
        <opt>0</opt>
      </menu>
      <menu>
        <title>検索</title>
        <tag>timefree_search</tag>
        <opt>0</opt>
      </menu>
<!--
      <menu>
        <title>一括録音</title>
        <tag>timefree_bulk</tag>
        <opt>0</opt>
      </menu>
-->
    </sub>
  </menu>
<!-- ======================================= -->
<!-- らじる -->
<!--
  <menu>
    <title>らじる</title>
    <tag>radiru</tag>
    <opt>3</opt>
    <sub>
      <menu>
        <title>予約一覧・削除</title>
        <tag>radiru_list</tag>
        <opt>0</opt>
      </menu>
      <menu>
        <title>放送中</title>
        <tag>radiru_onair</tag>
        <opt>0</opt>
      </menu>
      <menu>
        <title>放送局</title>
        <tag>radiru_station</tag>
        <opt>0</opt>
      </menu>
      <menu>
        <title>再生</title>
        <tag>radiru_play</tag>
        <opt>0</opt>
      </menu>
      <menu>
        <title>検索</title>
        <tag>radiru_search</tag>
        <opt>0</opt>
      </menu>
      <menu>
        <title>番組予約</title>
        <tag>radiru_reserve</tag>
        <opt>0</opt>
      </menu>
    </sub>
  </menu>
-->
<!-- ======================================= -->
<!-- らじる聞き逃し -->
  <menu>
    <title>らじる聞き逃し</title>
    <tag>radiru_vod</tag>
    <opt>0</opt>
    <sub>
      <menu>
        <title>録音・聴取</title>
        <tag>radiru_vod_rec</tag>
        <opt>0</opt>
      </menu>
      <menu>
        <title>再生</title>
        <tag>radiru_vod_play</tag>
        <opt>0</opt>
      </menu>
      <menu>
        <title>検索</title>
        <tag>radiru_vod_search</tag>
        <opt>0</opt>
      </menu>
<!--
      <menu>
        <title>一括録音</title>
        <tag>radiru_vod_bulk</tag>
        <opt>0</opt>
      </menu>
-->
    </sub>
  </menu>
<!-- ======================================= -->
<!-- らじるゴガク -->
  <menu>
    <title>らじるゴガク</title>
    <tag>radiru_gogaku</tag>
    <opt>0</opt>
    <sub>
      <menu>
        <title>英語</title>
        <tag>radiru_gogaku_english</tag>
        <opt>0</opt>
      </menu>
<!-- 2024/04/01
      <menu>
        <title>おうちで英語学習</title>
        <tag>radiru_gogaku_house</tag>
        <opt>0</opt>
      </menu>
 -->
      <menu>
        <title>他言語</title>
        <tag>radiru_gogaku_other</tag>
        <opt>0</opt>
      </menu>
      <menu>
        <title>再生</title>
        <tag>radiru_gogaku_play</tag>
        <opt>0</opt>
      </menu>
      <menu>
        <title>検索</title>
        <tag>radiru_gogaku_search</tag>
        <opt>0</opt>
      </menu>
<!--
      <menu>
        <title>一括録音</title>
        <tag>radiru_bulk</tag>
        <opt>0</opt>
      </menu>
-->
<!-- 2024/04/01
      <menu>
        <title>お悩みバスターズ</title>
        <tag>radiru_buster</tag>
        <opt>0</opt>
      </menu>
 -->
    </sub>
  </menu>
<!-- ======================================= -->
<!-- ポッドキャスト -->
  <menu>
    <title>ポッドキャスト</title>
    <tag>podcast</tag>
    <opt>0</opt>
    <sub>
      <menu>
        <title>ユーザ プリセット</title>
        <tag>user</tag>
        <dir>user</dir>
        <home>https://podcasts.google.com</home>
        <page>https://podcasts.google.com/search/</page>
        <status>on</status>
      </menu>
      <menu>
        <title>ユーザ プリセット（編集）</title>
        <tag>user_edit</tag>
        <dir>user_edit</dir>
        <home>https://podcasts.google.com</home>
        <page>https://podcasts.google.com/search/</page>
        <status>on</status>
      </menu>
      <menu>
        <title>Apple Podcasts プリセット</title>
        <tag>apple_preset</tag>
        <opt>0</opt>
        <dir>apple</dir>
        <home>https://</home>
        <page>https://</page>
        <status>on</status>
      </menu>
      <menu>
        <title>Apple Podcasts 検索</title>
        <tag>apple</tag>
        <opt>0</opt>
        <dir>apple</dir>
        <home>https://</home>
        <page>https://</page>
        <status>on</status>
      </menu>
      <menu>
        <title>Audee 一覧 (TOKYO FM)</title>
        <tag>audeelist</tag>
        <dir>audee</dir>
        <home>https://audee.jp</home>
        <page>https://audee.jp/program/list/</page>
        <status>on</status>
        <brand>
            <title>あ</title>
            <url>audee-a</url>
        </brand>
        <brand>
            <title>か</title>
            <url>audee-k</url>
        </brand>
        <brand>
            <title>さ</title>
            <url>audee-s</url>
        </brand>
        <brand>
            <title>た</title>
            <url>audee-t</url>
        </brand>
        <brand>
            <title>な</title>
            <url>audee-n</url>
        </brand>
        <brand>
            <title>は</title>
            <url>audee-h</url>
        </brand>
        <brand>
            <title>ま</title>
            <url>audee-m</url>
        </brand>
        <brand>
            <title>や</title>
            <url>audee-y</url>
        </brand>
        <brand>
            <title>ら</title>
            <url>audee-r</url>
        </brand>
        <brand>
            <title>わ</title>
            <url>audee-w</url>
        </brand>
        <brand>
            <title>その他</title>
            <url>audee-other</url>
        </brand>
      </menu>
      <menu>
        <title>Audee 検索 (TOKYO FM)</title>
        <tag>audee</tag>
        <dir>audee</dir>
        <home>https://audee.jp</home>
        <page>https://audee.jp/program/list/</page>
        <status>on</status>
      </menu>
      <menu>
        <title>PodcastStation (ニッポン放送)</title>
        <tag>lfrradio</tag>
        <dir>lfr</dir>
        <home>https://podcast.1242.com</home>
        <page>https://podcast.1242.com/all/</page>
        <status>on</status>
        <brand>
            <title>オールナイトニッポン podcast</title>
            <url>annp</url>
        </brand>
        <brand>
            <title>ニッポン放送 OnAirOn</title>
            <url>oao</url>
        </brand>
        <brand>
            <title>オールナイトニッポン i</title>
            <url>anni</url>
        </brand>
        <brand>
            <title>ニッポン放送 CLASSICS</title>
            <url>classics</url>
        </brand>
        <brand>
            <title>ニッポン放送 SpinOut</title>
            <url>spinout</url>
        </brand>
      </menu>
    </sub>
  </menu>
<!-- ======================================= -->
<!-- キーワード -->
<!--
  <menu>
    <title>キーワード</title>
    <tag>keyword</tag>
    <opt>0</opt>
    <sub>
      <menu>
        <title>放送局</title>
        <tag>keyword_station</tag>
        <opt>0</opt>
      </menu>
      <menu>
        <title>共通</title>
        <tag>keyword_common</tag>
        <opt>0</opt>
      </menu>
      <menu>
        <title>ラジコ</title>
        <tag>keyword_radiko</tag>
        <opt>0</opt>
      </menu>
      <menu>
        <title>らじる</title>
        <tag>keyword_radiru</tag>
        <opt>0</opt>
      </menu>
      <menu>
        <title>重複番組</title>
        <tag>keyword_double</tag>
        <opt>0</opt>
      </menu>
      <menu>
        <title>番組配送</title>
        <tag>keyword_delivery</tag>
        <opt>0</opt>
      </menu>
      <menu>
        <title>配信遅れ</title>
        <tag>keyword_delay</tag>
        <opt>0</opt>
      </menu>
      <menu>
        <title>-</title>
        <tag>keyword_space</tag>
        <opt>0</opt>
      </menu>
      <menu>
        <title>保存/復元/初期化</title>
        <tag>keyword_init</tag>
        <opt>0</opt>
      </menu>
    </sub>
  </menu>
-->
<!-- ======================================= -->
<!-- 設定 -->
<!--
  <menu>
    <title>設定</title>
    <tag>config</tag>
    <opt>0</opt>
    <sub>
      <menu>
        <title>パラメータ設定</title>
        <tag>config_para</tag>
        <opt>0</opt>
      </menu>
      <menu>
        <title>タグ設定</title>
        <tag>config_tag</tag>
        <opt>0</opt>
      </menu>
      <menu>
        <title>デイリー処理設定</title>
        <tag>config_daily</tag>
        <opt>0</opt>
      </menu>
      <menu>
        <title>各種データ設定</title>
        <tag>config_data</tag>
        <opt>0</opt>
      </menu>
      <menu>
        <title>メール設定</title>
        <tag>config_mail</tag>
        <opt>0</opt>
      </menu>
      <menu>
        <title>録音ディレクトリ設定</title>
        <tag>config_recdir</tag>
        <opt>0</opt>
      </menu>
      <menu>
        <title>ラジコプレミアム設定</title>
        <tag>config_premium</tag>
        <opt>0</opt>
      </menu>
      <menu>
        <title>-</title>
        <tag>config_space</tag>
        <opt>0</opt>
      </menu>
      <menu>
        <title>保存/復元/初期化</title>
        <tag>config_init</tag>
        <opt>0</opt>
      </menu>
    </sub>
  </menu>
-->
<!-- ======================================= -->
<!-- rfriends2について -->
  <menu>
    <title>rfriends2について</title>
    <tag>about</tag>
    <opt>4</opt>
    <sub>
      <menu>
        <title>システム更新(SYS)</title>
        <tag>about_sysupdate</tag>
        <opt>0</opt>
      </menu>
      <menu>
        <title>システム更新(TOOL)</title>
        <tag>about_toolupdate</tag>
        <opt>0</opt>
      </menu>
      <menu>
        <title>システムリセット</title>
        <tag>about_reset</tag>
        <opt>0</opt>
      </menu>
      <menu>
        <title>マニュアル</title>
        <tag>about_manual</tag>
        <opt>0</opt>
      </menu>
      <menu>
        <title>使用ソフトウエア</title>
        <tag>about_use</tag>
        <opt>0</opt>
      </menu>
      <menu>
        <title>rfriends2について</title>
        <tag>about_rfriends</tag>
        <opt>0</opt>
      </menu>
      <menu>
        <title>-</title>
        <tag>config_space</tag>
        <opt>0</opt>
      </menu>
      <menu>
        <title>ネットワークテスト</title>
        <tag>about_network</tag>
        <opt>0</opt>
      </menu>
    </sub>
  </menu>
</rfriends>
<!-- ======================================= -->

